Poem Name,Poet,Line,Metaphor present or not,Count of the metaphor,Metaphorical terms,Book,Year
සැදෑ අදුර,ජී බී දිසානායත,ඈ සෙමෙන් ,no,0,unknown,පලිගැනීම,1964
සැදෑ අදුර,ජී බී දිසානායත,හිසොසවා,no,0,unknown,පලිගැනීම,1964
සැදෑ අදුර,ජී බී දිසානායත,තම නිල්මිණි නුවන්,yes,1,තම නිල්මිණි නුවන්,පලිගැනීම,1964
සැදෑ අදුර,ජී බී දිසානායත,මා නෙත් මත රැද වූ විට,no,0,unknown,පලිගැනීම,1964
සැදෑ අදුර,ජී බී දිසානායත,ඒ දෙනෙතහි,no,0,unknown,පලිගැනීම,1964
සැදෑ අදුර,ජී බී දිසානායත,මා දුටු කිම?,no,0,unknown,පලිගැනීම,1964
සැදෑ අදුර,ජී බී දිසානායත,නොඅසන්න,no,0,unknown,පලිගැනීම,1964
වක්කඩ බදිමු,ගුණදාස අමරසේකර,ගැබ් ගැනිලා කිරි එරිලා මහ පොලොවට සැනහෙන්නට,yes,1,ගැබ් ගැනිලා කිරි එරිලා,භාවගීත,1955
වක්කඩ බදිමු,ගුණදාස අමරසේකර,වැස්ස වැහැපන් දෙවියනි විලි වැදිලා උපදින්නට,yes,1,විලි වැදිලා උපදින්නට,භාවගීත,1955
කතරගම,ගුණදාස අමරසේකර,සිය දහස් පන්දමින් ගිනි නගයි විහිද යයි බෙර ,no,0,unknown,උයනක හිද ලියූ කවි,1957
කතරගම,ගුණදාස අමරසේකර,දවුල් හඬ අසා ඇඟෙති මස වියරු වෙයි,no,0,unknown,උයනක හිද ලියූ කවි,1957
කතරගම,ගුණදාස අමරසේකර,සිය දහස් ගිගිරි හඬ කන් පලා ඇතුළු වෙයි,yes,1,කන් පලා ඇතුළු වෙයි,උයනක හිද ලියූ කවි,1957
කතරගම,ගුණදාස අමරසේකර,මුළු සිරුර ලේ නහර කිළි පොලා නැග සිටියි,yes,1,කිළි පොලා නැග සිටියි,උයනක හිද ලියූ කවි,1957
හොල්මන් කුද්දන අදුර,ගුණදාස අමරසේකර,වසා ගෙවල පියසි මුදුන් සැඳෑ අඳුර පැතිරෙන්නේ,no,0,unknown,අමල් බිසෝ,1961
හොල්මන් කුද්දන අදුර,ගුණදාස අමරසේකර,වසා සිටිය දුහුල ඉරි බිත මුණු මතු වන්නේ,yes,1,වසා සිටිය දුහුල ඉරි,අමල් බිසෝ,1961
හොල්මන් කුද්දන අදුර,ගුණදාස අමරසේකර,වසා දැමූ මගේ සිතෙහි පාළු ජනෙල් අරිමින්නේ,no,0,unknown,අමල් බිසෝ,1961
හොල්මන් කුද්දන අදුර,ගුණදාස අමරසේකර,නිදා සිටිය බූත යකුන් පණ පෙවෙමින් නැගිටින්නේ,no,0,unknown,අමල් බිසෝ,1961
බුදුන් දැකීම,සිරි ගුනසිංහ,කුහක කමේ මහ ගන්දස්කාරෙන්,yes,1,කුහක කමේ මහ ගන්දස්කාරෙන්,අබිනික්මන,1958
බුදුන් දැකීම,සිරි ගුනසිංහ,තෙත බරි වුන ඔය සාදුකාරයට,no,0,unknown,අබිනික්මන,1958
බුදුන් දැකීම,සිරි ගුනසිංහ,බුදු පිලිමෙන් නොලැබේ කරුනාවක්,no,0,unknown,අබිනික්මන,1958
බුදුන් දැකීම,සිරි ගුනසිංහ,ගෝනි ගනන් මල් අල්ලස් කෙරුවත්,no,0,unknown,අබිනික්මන,1958
බුදුන් දැකීම,සිරි ගුනසිංහ,එය,no,0,unknown,අබිනික්මන,1958
බුදුන් දැකීම,සිරි ගුනසිංහ,කරුණාවෙන් බර දෑසට නොපෙනේ,no,0,unknown,අබිනික්මන,1958
බුදුන් දැකීම,සිරි ගුනසිංහ,සිල් සුදු රෙද්දෙන් සිරුර වැසුව මුත්,no,0,unknown,අබිනික්මන,1958
බුදුන් දැකීම,සිරි ගුනසිංහ,පලුදු පෙනේ හැම කලු පාටින්,no,0,unknown,අබිනික්මන,1958
බුදුන් දැකීම,සිරි ගුනසිංහ,සර්දාවෙන් ගොඩ නැංවුනු බ්ත්තියෙ,yes,0,සර්දාවෙන් ගොඩ නැංවුනු බ්ත්තියෙ,අබිනික්මන,1958
බුදුන් දැකීම,සිරි ගුනසිංහ,හීන් සිදුරකින් බිදුනු තැනක ඇති,no,0,unknown,අබිනික්මන,1958
බුදුන් දැකීම,සිරි ගුනසිංහ,එලියක් ගිලිහේ බුදුන්ගෙ මුහුනින්,no,0,unknown,අබිනික්මන,1958
බුදුන් දැකීම,සිරි ගුනසිංහ,බුදුන් මුහුන මට හොදින් පෙනේ,no,0,unknown,අබිනික්මන,1958
වාදිකා,සිරි ගුනසිංහ,කුලුඳුල් දරු මුව සිඹින්න,no,0,unknown,අබිනික්මන,1958
වාදිකා,සිරි ගුනසිංහ,තුරුලට ගත් මවක් වගේ.,no,0,unknown,අබිනික්මන,1958
වාදිකා,සිරි ගුනසිංහ,ආදරයෙන් කරපින්නා ගෙන,no,0,unknown,අබිනික්මන,1958
වාදිකා,සිරි ගුනසිංහ,සිතාරය ඔබේ,no,0,unknown,අබිනික්මන,1958
වාදිකා,සිරි ගුනසිංහ,රිදී,no,0,unknown,අබිනික්මන,1958
වාදිකා,සිරි ගුනසිංහ,හඳේ සිනිඳු පලුව ,yes,1,හඳේ සිනිඳු පලුව,අබිනික්මන,1958
වාදිකා,සිරි ගුනසිංහ,සොලවන හැටි වලාකුලක් ,no,0,unknown,අබිනික්මන,1958
වාදිකා,සිරි ගුනසිංහ,ඔබේ ඇගේ නහර ඇතුලෙ,no,0,unknown,අබිනික්මන,1958
වාදිකා,සිරි ගුනසිංහ,පුරා සැලෙන සංගීතය,no,0,unknown,අබිනික්මන,1958
වාදිකා,සිරි ගුනසිංහ,ගලා එන්න ඉඩ හරින්න ,no,0,unknown,අබිනික්මන,1958
වාදිකා,සිරි ගුනසිංහ,ඇඟිලි තුඩුවලින්,no,0,unknown,අබිනික්මන,1958
රන් මැදුර*,මඩවල ඇස්. රත්නායක ,කුංකුම චන්දන නිදහස් සිතුවිලි ,yes,1,කුංකුම චන්දන නිදහස් සිතුවිලි,සීන හතක් මැද,1964
රන් මැදුර*,මඩවල ඇස්. රත්නායක ,ධූප දෙවා මන්දිරය පිරෙව්වෙමි ,no,0,unknown,සීන හතක් මැද,1964
රන් මැදුර*,මඩවල ඇස්. රත්නායක ,හද බැති ආදර සත්සර වීණා ,no,0,unknown,සීන හතක් මැද,1964
රන් මැදුර*,මඩවල ඇස්. රත්නායක ,නාද නගා ජය ගීත ගැයුවෙමි,no,0,unknown,සීන හතක් මැද,1964
රන් මැදුර*,මඩවල ඇස්. රත්නායක ,පුන්සඳ කඩමින් දහස් ගණනකට ,yes,1,පුන්සඳ කඩමින්,සීන හතක් මැද,1964
රන් මැදුර*,මඩවල ඇස්. රත්නායක ,හිස පළඳන්නට ඔටුණු තැනූවෙමි ,no,0,unknown,සීන හතක් මැද,1964
රන් මැදුර*,මඩවල ඇස්. රත්නායක ,නීල අහස් කුස අතුගා එක්කොට ,yes,1,නීල අහස් කුස අතුගා එක්කොට,සීන හතක් මැද,1964
රන් මැදුර*,මඩවල ඇස්. රත්නායක ,තරු මුතු අහුලා මාල සැදූවෙමි,no,0,unknown,සීන හතක් මැද,1964
කුරහන් හේන*,මඩවල ඇස්. රත්නායක ,හිරිමා උදේ මා ආපහු ගෙට යනවා  ,yes,1,හිරිමා උදේ,මාර යුද්ධය,1960
කුරහන් හේන*,මඩවල ඇස්. රත්නායක ,කළුවර බදාගෙන නැවතත් ගෙට එනවා,no,0,unknown,මාර යුද්ධය,1960
කුරහන් හේන*,මඩවල ඇස්. රත්නායක ,කුරහන් හේන දැක සඳරැස් හිනැ හෙනවා,no,0,unknown,මාර යුද්ධය,1960
කුරහන් හේන*,මඩවල ඇස්. රත්නායක ,ඉන් පන ලැබූ පැල කුරහන් නැල වෙනවා,no,0,unknown,මාර යුද්ධය,1960
කුරහන් හේන*,මඩවල ඇස්. රත්නායක ,හේනේ කුරක්කන් ගැබ්බර ගතිය ගෙන,yes,1, ගැබ්බර ගතිය ගෙන,මාර යුද්ධය,1960
කුරහන් හේන*,මඩවල ඇස්. රත්නායක ,සුළගේ සැලෙයි මා පැල්කවි කියන තැන,no,0,unknown,මාර යුද්ධය,1960
කුරහන් හේන*,මඩවල ඇස්. රත්නායක , දුටුවෙමි අනාගතයක් ඉදිරියට එන,no,0,unknown,මාර යුද්ධය,1960
කුරහන් හේන*,මඩවල ඇස්. රත්නායක ,සඳරැස් ගල ගලා එය පුබුදුවනු මැන,no,0,unknown,මාර යුද්ධය,1960
යස ඉසුරු සොයා,මඩවල ඇස්. රත්නායක ,දිවා රෑ එන දිගට බිබී ලෝහිත කඳුළු,yes,1,ලෝහිත කඳුළු,මමද එක්වීමි,1993
යස ඉසුරු සොයා,මඩවල ඇස්. රත්නායක ,සිර ගෙයක ලගිනවා යස ඉසුරු සොයන්නට,yes,1,යස ඉසුරු සොයන්නට,මමද එක්වීමි,1993
යස ඉසුරු සොයා,මඩවල ඇස්. රත්නායක ,ඒ වරද කළෙමි මම,no,0,unknown,මමද එක්වීමි,1993
යස ඉසුරු සොයා,මඩවල ඇස්. රත්නායක ,දෙනෙත් අඳ එකෙක් මෙන්,no,0,unknown,මමද එක්වීමි,1993
මරණය ,මහගම සේකර ,මංද ඔතන හැංගී කරන්නේ,no,0,unknown,ව්‍යංගා,1960
මරණය ,මහගම සේකර ,උඹ අන්දකාර සළු පොරවා වැනෙන්නේ,yes,1,අන්දකාර සළු පොරවා වැනෙන්නේ,ව්‍යංගා,1960
මරණය ,මහගම සේකර ,නින්ද නැතුව මම පැදුරේ දපන්නේ,no,0,unknown,ව්‍යංගා,1960
මරණය ,මහගම සේකර ,නින්ද සදා කාලික කොට දියන්නේ,no,0,unknown,ව්‍යංගා,1960
මතක වස්තුව,සිරි ගුනසිංහ,මා හැර දා,no,0,unknown,මස් ලේ නැති ඇට,1956
මතක වස්තුව,සිරි ගුනසිංහ,"දරදඬු කොට දා මා අත් පා,",yes,1,"දරදඬු කොට දා මා අත් පා,",මස් ලේ නැති ඇට,1956
මතක වස්තුව,සිරි ගුනසිංහ,ඈ යන්න ගියා මැකිලා,no,0,unknown,මස් ලේ නැති ඇට,1956
මතක වස්තුව,සිරි ගුනසිංහ,ඈ යන්න ගියා,no,0,unknown,මස් ලේ නැති ඇට,1956
මතක වස්තුව,සිරි ගුනසිංහ,සැමරුම් වග වලසුන් රෑනට,no,0,unknown,මස් ලේ නැති ඇට,1956
මතක වස්තුව,සිරි ගුනසිංහ,මා ගොදුරු වී,no,0,unknown,මස් ලේ නැති ඇට,1956
මතක වස්තුව,සිරි ගුනසිංහ,ලේ ගලනා ගොදුරක් වී,no,0,unknown,මස් ලේ නැති ඇට,1956
මරණය ,මහගම සේකර ,පොළොව පලාගෙන පසෙනුයි උපන්නේ,yes,1,පොළොව පලාගෙන,ව්‍යංගා,1960
මරණය ,මහගම සේකර ,පොළොව උඩම දවසක දිග ඇදෙන්නේ,no,0,unknown,ව්‍යංගා,1960
මරණය ,මහගම සේකර ,පොළොව කකා පොළොවේ සැරිසරන්නේ,yes,1,පොළොව කකා,ව්‍යංගා,1960
මරණය ,මහගම සේකර ,එලොව එවිට මා අරගෙන යමන්නේ,no,0,unknown,ව්‍යංගා,1960
අම්මා,මහගම සේකර ,ඔබා දෙදණ නිල් උඳු පියලි බිම මත ,yes,1,ඔබා දෙදණ නිල් උඳු පියලි,ප්‍රබුද්ධ,1977
අම්මා,මහගම සේකර ,වැන්දේය ඔහු බැති සිතින්,no,0,unknown,ප්‍රබුද්ධ,1977
අම්මා,මහගම සේකර ,අම්මා වැළලූ තැන මහ පොළවට,no,0,unknown,ප්‍රබුද්ධ,1977
අම්මා,මහගම සේකර ,පිපිලා තිබුණි එතැන සුදු පාටට,no,0,unknown,ප්‍රබුද්ධ,1977
අම්මා,මහගම සේකර ,නමක් නොමැති පුංචි මලක් ,no,0,unknown,ප්‍රබුද්ධ,1977
අම්මා,මහගම සේකර ,සිම්බේය ඔහු එමල නමා හිස ,no,0,unknown,ප්‍රබුද්ධ,1977
අම්මා,මහගම සේකර ,දස මසක් කුස තුළෙහි දරා සිට ,no,0,unknown,ප්‍රබුද්ධ,1977
අම්මා,මහගම සේකර ,මා ලොවට වැදූ අම්මා ඔබය ,no,0,unknown,ප්‍රබුද්ධ,1977
අම්මා,මහගම සේකර ,කෙළවරක් නොමැති දුක් දරා විඳ ,no,0,unknown,ප්‍රබුද්ධ,1977
අම්මා,මහගම සේකර ,මා ලොවට හැදූ අම්මා ඔබ ය,no,0,unknown,ප්‍රබුද්ධ,1977
අම්මා,මහගම සේකර ,"නො දත්තෙමි මම එකල අම්මේ, ",no,0,unknown,ප්‍රබුද්ධ,1977
අම්මා,මහගම සේකර ,ඔබ වත කැටපතක් බව: ,no,0,unknown,ප්‍රබුද්ධ,1977
අම්මා,මහගම සේකර ,මෙකල මා සිත පිළිබිඹු කරන ,no,0,unknown,ප්‍රබුද්ධ,1977
අම්මා,මහගම සේකර ,ගිලී යට ගිය ඇස් කුහර තුළ ,no,0,unknown,ප්‍රබුද්ධ,1977
අම්මා,මහගම සේකර ,නො දුටුවෙමි කිසි විටක සතුටක් ,no,0,unknown,ප්‍රබුද්ධ,1977
අම්මා,මහගම සේකර ,"නො දුටුවෙමි කිවිවිටක දුකකුත්,",no,0,unknown,ප්‍රබුද්ධ,1977
අම්මා,මහගම සේකර ,ඉවසා සම සිතින් සැම සැප දුක් ,no,0,unknown,ප්‍රබුද්ධ,1977
අම්මා,මහගම සේකර ,ලැබුවා ද ඔබ සිතෙහි සාමයක්? ,no,0,unknown,ප්‍රබුද්ධ,1977
අම්මා,මහගම සේකර ,ඉපයුවෙමි මම මුදල් ,no,0,unknown,ප්‍රබුද්ධ,1977
අම්මා,මහගම සේකර ,ඉපයූවෙමි කිතු යසස්,yes,1,ඉපයූවෙමි කිතු යසස්,ප්‍රබුද්ධ,1977
අම්මා,මහගම සේකර ,වී ය මන්දිර යාන වාහන.,no,0,unknown,ප්‍රබුද්ධ,1977
අම්මා,මහගම සේකර ,එහෙත් ඒ කිසිවකිනුත් ,no,0,unknown,ප්‍රබුද්ධ,1977
අම්මා,මහගම සේකර ,නොලදිමි සිත් සැනසුමක් ,no,0,unknown,ප්‍රබුද්ධ,1977
අම්මා,මහගම සේකර ,වටහා ගෙන සිටියා ද ඔබ ඒ සත්‍යය ,no,0,unknown,ප්‍රබුද්ධ,1977
අම්මා,මහගම සේකර ,නොලබා ම ඔබ ඒ කිසිවක්?,no,0,unknown,ප්‍රබුද්ධ,1977
මරණ බිය,විමල් දිසානායක,නින්දේ මුදුනෙහි ඇතගේ හැම තැන,no,0,unknown,රැව් පිළිරැව් ,1974
මරණ බිය,විමල් දිසානායක,මා තනි කොට මේ සුවිසල් සක්වළ,no,0,unknown,රැව් පිළිරැව් ,1974
මරණ බිය,විමල් දිසානායක,ලොව ම මගෙන් ඇතට දිව ගොස් ඇත,no,0,unknown,රැව් පිළිරැව් ,1974
මරණ බිය,විමල් දිසානායක,තනිකම මාගේ පලවාලන මෙන්,no,0,unknown,රැව් පිළිරැව් ,1974
මරණ බිය,විමල් දිසානායක,අගුලු දමා ඇත දොර ජනෙල් කඩා,no,0,unknown,රැව් පිළිරැව් ,1974
මරණ බිය,විමල් දිසානායක,නයි පොලඟුන් පිරි මතකය ඔස්සේ,no,0,unknown,රැව් පිළිරැව් ,1974
මරණ බිය,විමල් දිසානායක,යක් පා ගමනින් බූත සිනා පා,no,0,unknown,රැව් පිළිරැව් ,1974
මරණ බිය,විමල් දිසානායක,වැල නොකැඩී මා වෙත දිව එන්නේ,no,0,unknown,රැව් පිළිරැව් ,1974
මරණ බිය,විමල් දිසානායක,කඩු තෝමර ගත් සිතිවිලි සේනා,yes,1,කඩු තෝමර ගත් සිතිවිලි සේනා,රැව් පිළිරැව් ,1974
සැණකෙළි බිම,විමල් දිසානායක,විදුලි පහනින් නැගෙන මිණි රැසින් එළිය වුණු,no,0,unknown,කල්ප විනාසය ,1965
සැණකෙළි බිම,විමල් දිසානායක,අවට දස අත පෙනේ සිනා පිරි නෙක මුහුණු,no,0,unknown,කල්ප විනාසය ,1965
සැණකෙළි බිම,විමල් දිසානායක,හාත්පස වෙළ වෙළා එකම මදු ගී රසින,yes,1,එකම මදු ගී රසින,කල්ප විනාසය ,1965
සැණකෙළි බිම,විමල් දිසානායක,ගීත හඬ වා ගැබෙහි නිනද දී යයි පැතිර,no,0,unknown,කල්ප විනාසය ,1965
සැණකෙළි බිම,විමල් දිසානායක,"නිල් සාරි, රතු සාරි, දුහුල් මල් මල් සාරි",no,0,unknown,කල්ප විනාසය ,1965
සැණකෙළි බිම,විමල් දිසානායක,දෙසවනින් ඇද හැලෙන කැලුම් දෙන රන්තෝඩු,no,0,unknown,කල්ප විනාසය ,1965
සැණකෙළි බිම,විමල් දිසානායක,සිඟිති පා පෙති වැසුණු උස් වූ පාවහන් අඩි,no,0,unknown,කල්ප විනාසය ,1965
සැණකෙළි බිම,විමල් දිසානායක,"ලැසි ගමන, කිකිණි හඬ, රන් වටොර, සල නිතඹ",yes,1,"ලැසි ගමන, කිකිණි හඬ",කල්ප විනාසය ,1965
සැණකෙළි බිම,විමල් දිසානායක,සොම්නසේ අහස් කුස සලෙළුවන් පා කරයි,no,0,unknown,කල්ප විනාසය ,1965
නව යුවළ,විමල් දිසානායක,රන් ගිරගින් පායා එන පුර හඳ මෙන් උඳුවප් මස,no,0,unknown,නර රකුසා ,1969
නව යුවළ,විමල් දිසානායක,රන් පැහැයෙන් දිදුලන ඈ කොමළඟනකි යොවුන් වියේ,yes,1,රන් පැහැයෙන් දිදුලන ඈ,නර රකුසා ,1969
නව යුවළ,විමල් දිසානායක,"දෙනෙත් කැලුම, මුදු හිනාව, කෙළිලොල් දඟකාර සිරුර",no,0,unknown,නර රකුසා ,1969
නව යුවළ,විමල් දිසානායක,සැඳෑ සහන් එළිය තුළින් මතුවන හැටි දුටුවෙමි මම,no,0,unknown,නර රකුසා ,1969
නව යුවළ,විමල් දිසානායක,ඔවුන්ට නොපෙනෙන විලසට මඳ වේලා එදෙස බලා,no,0,unknown,නර රකුසා ,1969
නව යුවළ,විමල් දිසානායක,යළිත් පැමිණියෙමි විගසින් මාගේ තනි කාමරයට,no,0,unknown,නර රකුසා ,1969
නව යුවළ,විමල් දිසානායක,ය කුළු බඳු මගේ යුගබා සෙල් තලයක් බඳු පුළුලුර,yes,1,යුගබා සෙල් තලයක් බඳු පුළුලුර,නර රකුසා ,1969
නව යුවළ,විමල් දිසානායක,යොවුන් ම ගත දෙස බලමින් මම හෙමිහිට සිනාසුණෙමි,no,0,unknown,නර රකුසා ,1969
නාගල කන්ද,විමල් දිසානායක,හිරු බැස රාස්සිගේ අව්වෙන් මුළු පිය,no,0,unknown,ඉන්ද්‍ර චාපය ,1972
නාගල කන්ද,විමල් දිසානායක,ගහ කොළ කසුන් පැහැයෙන් සැරසෙන නොල ස,yes,1,කසුන් පැහැයෙන් සැරසෙන නොල ස,ඉන්ද්‍ර චාපය ,1972
නාගල කන්ද,විමල් දිසානායක,යන විට කැටුව ඇය වැලිබත් උයන ලෙ ස,no,0,unknown,ඉන්ද්‍ර චාපය ,1972
නාගල කන්ද,විමල් දිසානායක,නිසලව බලා සිටියා ගිරගම සිර ස,no,0,unknown,ඉන්ද්‍ර චාපය ,1972
නාගල කන්ද,විමල් දිසානායක,පෝදා සිසි කිරණ පැතිරි දස දිග ත,yes,1,සිසි කිරණ පැතිරි,ඉන්ද්‍ර චාපය ,1972
නාගල කන්ද,විමල් දිසානායක,හේවිසි හඬින් ගම්මානයම ඇලළෙ ත,no,0,unknown,ඉන්ද්‍ර චාපය ,1972
නාගල කන්ද,විමල් දිසානායක,දරු කැල කැටුව ඇය හා බෝ මළුව වෙ ත,no,0,unknown,ඉන්ද්‍ර චාපය ,1972
නාගල කන්ද,විමල් දිසානායක,යනන්තර මෙ ගිර සිටි හැටි මට මතක ඇ ත,no,0,unknown,ඉන්ද්‍ර චාපය ,1972
අරාබියෙන් ලියුමක්,ඩබ්ලියු ඒ. අබේසිංහ ,වැලි මිරිකා තෙල් සිඳිනා රටේයා,yes,1,වැලි මිරිකා තෙල් සිඳිනා,රතුම රතු ,1984
අරාබියෙන් ලියුමක්,ඩබ්ලියු ඒ. අබේසිංහ ,වැහි කඳුළක් නොම වැටෙන රටේයා,no,0,unknown,රතුම රතු ,1984
අරාබියෙන් ලියුමක්,ඩබ්ලියු ඒ. අබේසිංහ ,නිබඳ රුවන් වැසි වසිනා රටේයා,yes,1,නිබඳ රුවන් වැසි වසිනා,රතුම රතු ,1984
අරාබියෙන් ලියුමක්,ඩබ්ලියු ඒ. අබේසිංහ ,ඒත් දුවේ මා දුක් ගිනි මැදේයා,no,0,unknown,රතුම රතු ,1984
කතරගම මල් නගාට,ඩබ්ලියු ඒ. අබේසිංහ ,තොස්වන සුවඳ පිරිබඩ මල් ගෙන අතට ,yes,1,තොස්වන සුවඳ පිරිබඩ,පින්තාලියේ පෙත්සම ,1991
කතරගම මල් නගාට,ඩබ්ලියු ඒ. අබේසිංහ ,රැස්වෙති දනෝ කිරිවෙහෙරට මුනි පුදට,no,0,unknown,පින්තාලියේ පෙත්සම ,1991
කතරගම මල් නගාට,ඩබ්ලියු ඒ. අබේසිංහ ,ඇස් දෙක අන්ද වුණු මව්පිය රකිනුවට ,no,0,unknown,පින්තාලියේ පෙත්සම ,1991
කතරගම මල් නගාට,ඩබ්ලියු ඒ. අබේසිංහ ,මස් දන් නොදී මල් විකුණාපත් සොඳට,no,0,unknown,පින්තාලියේ පෙත්සම ,1991
පුතුට කවියක්,මොනිකා රුවන්පතිරණ ,පරතෙර නැති ගමනක් ගිය,yes,1,පරතෙර නැති ගමනක්,අංගුලිමාලගේ සිහින ,1974
පුතුට කවියක්,මොනිකා රුවන්පතිරණ ,නුඹේ පියා දුටු දිනයක,no,0,unknown,අංගුලිමාලගේ සිහින ,1974
පුතුට කවියක්,මොනිකා රුවන්පතිරණ ,රාහුල පුතු සේ ඔහුගෙන්,no,0,unknown,අංගුලිමාලගේ සිහින ,1974
පුතුට කවියක්,මොනිකා රුවන්පතිරණ ,දායාදය නොපතන් පුත,no,0,unknown,අංගුලිමාලගේ සිහින ,1974
පොඩි මල්ලියෙ,පරාක්‍රම කොඩිතුවක්කු,ළා දළු චාමර සෙලවී,yes,1,ළා දළු චාමර සෙලවී,පොඩි මල්ලියෙ,1972
පොඩි මල්ලියෙ,පරාක්‍රම කොඩිතුවක්කු,නුඹට පවන් සලයි මලේ,no,0,unknown,පොඩි මල්ලියෙ,1972
පොඩි මල්ලියෙ,පරාක්‍රම කොඩිතුවක්කු,අතු අග හොටවල් සෙලවී,no,0,unknown,පොඩි මල්ලියෙ,1972
පොඩි මල්ලියෙ,පරාක්‍රම කොඩිතුවක්කු,නුඹට ගීත ඇසෙයි මලේ,no,0,unknown,පොඩි මල්ලියෙ,1972
පොඩි මල්ලියෙ,පරාක්‍රම කොඩිතුවක්කු,සීතල රැලි අත් සීයෙන්,yes,1,සීතල රැලි අත් සීයෙන්,පොඩි මල්ලියෙ,1972
පොඩි මල්ලියෙ,පරාක්‍රම කොඩිතුවක්කු,උඹ වටකර තුරුළු වෙවී,no,0,unknown,පොඩි මල්ලියෙ,1972
පොඩි මල්ලියෙ,පරාක්‍රම කොඩිතුවක්කු,ගඟ පහළට ගලා යාවි,no,0,unknown,පොඩි මල්ලියෙ,1972
පොඩි මල්ලියෙ,පරාක්‍රම කොඩිතුවක්කු,දිය සුළියේ ඔඩොක්කුවේ,no,0,unknown,පොඩි මල්ලියෙ,1972
පොඩි මල්ලියෙ,පරාක්‍රම කොඩිතුවක්කු,නැලවී ඉඳ - කිමිදී ඉඳ ගොඩට වරෙන්,no,0,unknown,පොඩි මල්ලියෙ,1972
පොඩි මල්ලියෙ,පරාක්‍රම කොඩිතුවක්කු,මලේ මලේ අඳුර එද්දි,no,0,unknown,පොඩි මල්ලියෙ,1972
පොඩි මල්ලියෙ,පරාක්‍රම කොඩිතුවක්කු,සඳ එළියේ රැලි විසිරෙන චිත්තෙ යට,no,0,unknown,පොඩි මල්ලියෙ,1972
පොඩි මල්ලියෙ,පරාක්‍රම කොඩිතුවක්කු,ගුලි වෙන විට ලනු මැස්සේ,no,0,unknown,පොඩි මල්ලියෙ,1972
පොඩි මල්ලියෙ,පරාක්‍රම කොඩිතුවක්කු,අන්න බලන් උඹෙ තනිවට,no,0,unknown,පොඩි මල්ලියෙ,1972
පොඩි මල්ලියෙ,පරාක්‍රම කොඩිතුවක්කු,අහසෙත් මල් - පොළවෙත් මල්,yes,1,අහසෙත් මල් - පොළවෙත් මල්,පොඩි මල්ලියෙ,1972
පොඩි මල්ලියෙ,පරාක්‍රම කොඩිතුවක්කු,ගින්දර පාටින් බබලන,no,0,unknown,පොඩි මල්ලියෙ,1972
දේදුන්න පායාවි හෙටත් පාලම උඩින්,පරාක්‍රම කොඩිතුවක්කු,ඔබ යන්නෙ මධුර ධර සප්ත ස්වරය අරන්,yes,1,මධුර ධර සප්ත ස්වරය අරන්,පොඩි මල්ලියෙ,1972
දේදුන්න පායාවි හෙටත් පාලම උඩින්,පරාක්‍රම කොඩිතුවක්කු,ඔබේ රථ මැදිරියට මගේ ඉර-හඳ අරන්,no,0,unknown,පොඩි මල්ලියෙ,1972
දේදුන්න පායාවි හෙටත් පාලම උඩින්,පරාක්‍රම කොඩිතුවක්කු,ඔබ යන්න මහද තෙත් වැහි වලාකුල අරන්,no,0,unknown,පොඩි මල්ලියෙ,1972
දේදුන්න පායාවි හෙටත් පාලම උඩින්,පරාක්‍රම කොඩිතුවක්කු,කමක් නෑ ඔබ යන්න - මගේ ආයුස අරන්,no,0,unknown,පොඩි මල්ලියෙ,1972
කුලී ගේක පදිංචියට යන වගයි,පරාක්‍රම කොඩිතුවක්කු,.......කලින් නොදන්වා,no,0,unknown,අකීකරු පුතෙයකුගේ ලෝකය,1974
කුලී ගේක පදිංචියට යන වගයි,පරාක්‍රම කොඩිතුවක්කු,ලියුමක් වත් නොඑවා,no,0,unknown,අකීකරු පුතෙයකුගේ ලෝකය,1974
කුලී ගේක පදිංචියට යන වගයි,පරාක්‍රම කොඩිතුවක්කු,අප දැකගන්නට,no,0,unknown,අකීකරු පුතෙයකුගේ ලෝකය,1974
කුලී ගේක පදිංචියට යන වගයි,පරාක්‍රම කොඩිතුවක්කු,කළු ගං කොමලිය,no,0,unknown,අකීකරු පුතෙයකුගේ ලෝකය,1974
කුලී ගේක පදිංචියට යන වගයි,පරාක්‍රම කොඩිතුවක්කු,රෙද්ද ලිහාගෙන ගෙදරට රිංගුව දවසක්,yes,1,රෙද්ද ලිහාගෙන ගෙදරට රිංගුව දවසක්,අකීකරු පුතෙයකුගේ ලෝකය,1974
කුලී ගේක පදිංචියට යන වගයි,පරාක්‍රම කොඩිතුවක්කු,රෑ තුන් යම නිදි මැරුවා අපි,no,0,unknown,අකීකරු පුතෙයකුගේ ලෝකය,1974
කුලී ගේක පදිංචියට යන වගයි,පරාක්‍රම කොඩිතුවක්කු,බාල්කයක් උඩ,no,0,unknown,අකීකරු පුතෙයකුගේ ලෝකය,1974
ගිහි සිසිල,දයාසේන ගුණසිංහ,පොළවේ රන් හිසින් දරා,no,0,unknown,රන් තැටියක කදුලු,1974
ගිහි සිසිල,දයාසේන ගුණසිංහ,ගොයම් නටන වෙල් එළිවල,no,0,unknown,රන් තැටියක කදුලු,1974
ගිහි සිසිල,දයාසේන ගුණසිංහ,කහවණු පැහැයෙන් ගුලිවී,yes,1,කහවණු පැහැයෙන් ගුලිවී,රන් තැටියක කදුලු,1974
ගිහි සිසිල,දයාසේන ගුණසිංහ,හිඹුටු ඉදෙන බඩ වැටිවල,no,0,unknown,රන් තැටියක කදුලු,1974
ගිහි සිසිල,දයාසේන ගුණසිංහ,කොරවක් පිළිසඳර මැදින්,no,0,unknown,රන් තැටියක කදුලු,1974
ගිහි සිසිල,දයාසේන ගුණසිංහ,නැවත නිදැල්ලේ යන විට,no,0,unknown,රන් තැටියක කදුලු,1974
රුදුරු සොඳුරු රාත්‍රිය,දයාසේන ගුණසිංහ,යහන වෙත දිගුවන ඇගෙ සරාගී බැල්ම,no,0,unknown,දොරමඬලාව ,1991
රුදුරු සොඳුරු රාත්‍රිය,දයාසේන ගුණසිංහ,කැඳවයි නැවත අයදියි සලා ඇසිපිය සෙමර,no,0,unknown,දොරමඬලාව ,1991
රුදුරු සොඳුරු රාත්‍රිය,දයාසේන ගුණසිංහ,පසිඳුරන් උමතුවෙන් වයන යක් බෙර හඬට,yes,1,පසිඳුරන් උමතුවෙන් වයන යක් බෙර හඬට,දොරමඬලාව ,1991
රුදුරු සොඳුරු රාත්‍රිය,දයාසේන ගුණසිංහ,සත්සියක් පිරිවර ගිය මහ පා නඟන්නට,no,0,unknown,දොරමඬලාව ,1991
මහ මගදී හමු වූ පාසල් දරුවෙකුට,දයාසේන ගුණසිංහ ,නුඹේ වත දෙස බැලිම් දකිනු වස් ප්‍රභාතය,no,0,unknown,දොරමඬලාව ,1991
මහ මගදී හමු වූ පාසල් දරුවෙකුට,දයාසේන ගුණසිංහ ,පුතුනි කිම එහි ළහිරු මුවා කළ ගන අඳුර,yes,1,ළහිරු මුවා කළ ගන අඳුර,දොරමඬලාව ,1991
මහ මගදී හමු වූ පාසල් දරුවෙකුට,දයාසේන ගුණසිංහ ,දුටුමතින් සිත් සතන් පහන් කළ යුතු දෑස,no,0,unknown,දොරමඬලාව ,1991
මහ මගදී හමු වූ පාසල් දරුවෙකුට,දයාසේන ගුණසිංහ ,නොදිලුණේ කියනු කිම උදා තරු යුගලක්ව,no,0,unknown,දොරමඬලාව ,1991
මහ මගදී හමු වූ පාසල් දරුවෙකුට,දයාසේන ගුණසිංහ ,අරා විනිසුරු අසුන බලන සේ නුඹ මදෙස,no,0,unknown,දොරමඬලාව ,1991
මහ මගදී හමු වූ පාසල් දරුවෙකුට,දයාසේන ගුණසිංහ ,හැඟෙන්නේ ඇයි මසිත නුඹේ වත දුටු විගස,no,0,unknown,දොරමඬලාව ,1991
මහ මගදී හමු වූ පාසල් දරුවෙකුට,දයාසේන ගුණසිංහ ,මා නොවේ සොරා ගත්තේ නුඹේ ප්‍රභාතය,yes,1,ගත්තේ නුඹේ ප්‍රභාතය,දොරමඬලාව ,1991
මහ මගදී හමු වූ පාසල් දරුවෙකුට,දයාසේන ගුණසිංහ ,කියා හඬ නගනු බැරි සේ ගොළුය මගේ දිව,no,0,unknown,දොරමඬලාව ,1991
එක ම කුරුල්ලා ගේ එක ම නාදය,ධර්මසිරි රාජපක්ෂ,සුළඟ දැගලුම් නොදේවී,no,0,unknown,ශක්තියේ පුෂ්පය ,1985
එක ම කුරුල්ලා ගේ එක ම නාදය,ධර්මසිරි රාජපක්ෂ,අහස ගොළු වී තිබේවී,yes,1,අහස ගොළු වී තිබේවී,ශක්තියේ පුෂ්පය ,1985
එක ම කුරුල්ලා ගේ එක ම නාදය,ධර්මසිරි රාජපක්ෂ,එක දිගට එක කුරුල්ලෙක් ඉඳ,no,0,unknown,ශක්තියේ පුෂ්පය ,1985
එක ම කුරුල්ලා ගේ එක ම නාදය,ධර්මසිරි රාජපක්ෂ,එක ම නාදෙන් ගයාවී,no,0,unknown,ශක්තියේ පුෂ්පය ,1985
එක ම කුරුල්ලා ගේ එක ම නාදය,ධර්මසිරි රාජපක්ෂ,එවන් මොහොතක හැම වෙලේමත්,no,0,unknown,ශක්තියේ පුෂ්පය ,1985
එක ම කුරුල්ලා ගේ එක ම නාදය,ධර්මසිරි රාජපක්ෂ,නුඹව සිහියට නැඟේවී,no,0,unknown,ශක්තියේ පුෂ්පය ,1985
ලීස්තර වැට,එරික් ඉලයප් ආරච්චි,පාළුවෙන් පුරන් වූ ඈත වෙල් එළිය මෙන්,no,0,unknown,ආලින්දය ,1988
ලීස්තර වැට,එරික් ඉලයප් ආරච්චි,මගේ සිත පුරන් වී ඇත. මෙදින ශෝකයෙන්,yes,1,මගේ සිත පුරන් වී ඇත,ආලින්දය ,1988
ලීස්තර වැට,එරික් ඉලයප් ආරච්චි,කොළ හැළුණු මිදුල මත නගා සර සර හඬක්,no,0,unknown,ආලින්දය ,1988
ලීස්තර වැට,එරික් ඉලයප් ආරච්චි,පාන් පැල ළඟට යන අම්මාගේ සේයාව,no,0,unknown,ආලින්දය ,1988
ලීස්තර වැට,එරික් ඉලයප් ආරච්චි,සැඳෑ එළියේ ඇඳෙන සංසාර සෙවණැල්ල,no,0,unknown,ආලින්දය ,1988
ලීස්තර වැට,එරික් ඉලයප් ආරච්චි,බලා සිටියෙමි අදත් ලීස්තර වැට මැදින්.,no,0,unknown,ආලින්දය ,1988
ශිල්ප දක්වන තුරු,සෙනරත් ගොන්සල්කෝරාල,මහා වංශය ද ජාතක පොත ද අතර මැද,no,0,unknown,සුභ උදෑසන,1988
ශිල්ප දක්වන තුරු,සෙනරත් ගොන්සල්කෝරාල,දෑත බැඳ භාවනාවෙන් සිටින හිටිවනම,no,0,unknown,සුභ උදෑසන,1988
ශිල්ප දක්වන තුරු,සෙනරත් ගොන්සල්කෝරාල,පිළිම පුරුෂයෙකි පොත් රාක්කය මත සිටින,yes,1,පිළිම පුරුෂයෙකි,සුභ උදෑසන,1988
ශිල්ප දක්වන තුරු,සෙනරත් ගොන්සල්කෝරාල,පෙනේ මට නැණ මඬල හා ශක්තියේ දෑත.,no,0,unknown,සුභ උදෑසන,1988
කාර්යාල කාර්ය සහායකගේ මරණය,ආරියවංශ රණවීර,රිය එක නින්නාද කළ,yes,1,රිය එක නින්නාද කළ,ගේ කුරුල්ලෝ සහ වී කුරුල්ලෝ,1988
කාර්යාල කාර්ය සහායකගේ මරණය,ආරියවංශ රණවීර,නැටුම්,no,0,unknown,ගේ කුරුල්ලෝ සහ වී කුරුල්ලෝ,1988
කාර්යාල කාර්ය සහායකගේ මරණය,ආරියවංශ රණවීර,කෙළි කවට සිනා,no,0,unknown,ගේ කුරුල්ලෝ සහ වී කුරුල්ලෝ,1988
කාර්යාල කාර්ය සහායකගේ මරණය,ආරියවංශ රණවීර,මළගෙට,no,0,unknown,ගේ කුරුල්ලෝ සහ වී කුරුල්ලෝ,1988
කාර්යාල කාර්ය සහායකගේ මරණය,ආරියවංශ රණවීර,හරියටම හැතැප්මයක් මෙහාදි,no,0,unknown,ගේ කුරුල්ලෝ සහ වී කුරුල්ලෝ,1988
කාර්යාල කාර්ය සහායකගේ මරණය,ආරියවංශ රණවීර,නතර කොට,no,0,unknown,ගේ කුරුල්ලෝ සහ වී කුරුල්ලෝ,1988
කාර්යාල කාර්ය සහායකගේ මරණය,ආරියවංශ රණවීර,පැළැන්දහ,no,0,unknown,ගේ කුරුල්ලෝ සහ වී කුරුල්ලෝ,1988
කාර්යාල කාර්ය සහායකගේ මරණය,ආරියවංශ රණවීර,ඔවුහු,no,0,unknown,ගේ කුරුල්ලෝ සහ වී කුරුල්ලෝ,1988
කාර්යාල කාර්ය සහායකගේ මරණය,ආරියවංශ රණවීර,සෝක මුණු,no,0,unknown,ගේ කුරුල්ලෝ සහ වී කුරුල්ලෝ,1988
කාර්යාල කාර්ය සහායකගේ මරණය,ආරියවංශ රණවීර,ගිලුණු නෙත් කෙවෙනි තුළ,no,0,unknown,ගේ කුරුල්ලෝ සහ වී කුරුල්ලෝ,1988
කාර්යාල කාර්ය සහායකගේ මරණය,ආරියවංශ රණවීර,කසිප්පුවෙන් ඉදිමුණු නෙතින්,no,0,unknown,ගේ කුරුල්ලෝ සහ වී කුරුල්ලෝ,1988
කාර්යාල කාර්ය සහායකගේ මරණය,ආරියවංශ රණවීර,හතර පස් දෙනෙකු තැන තැන,no,0,unknown,ගේ කුරුල්ලෝ සහ වී කුරුල්ලෝ,1988
කාර්යාල කාර්ය සහායකගේ මරණය,ආරියවංශ රණවීර,දොඩන වාචාල බස් කපා ගෙන,no,0,unknown,ගේ කුරුල්ලෝ සහ වී කුරුල්ලෝ,1988
කාර්යාල කාර්ය සහායකගේ මරණය,ආරියවංශ රණවීර,ඉඳ හිට,no,0,unknown,ගේ කුරුල්ලෝ සහ වී කුරුල්ලෝ,1988
කාර්යාල කාර්ය සහායකගේ මරණය,ආරියවංශ රණවීර,පොළොව දෙදරවා විත්,yes,1,පොළොව දෙදරවා විත්,ගේ කුරුල්ලෝ සහ වී කුරුල්ලෝ,1988
කාර්යාල කාර්ය සහායකගේ මරණය,ආරියවංශ රණවීර,සිරුරු විනිවිද යන,no,0,unknown,ගේ කුරුල්ලෝ සහ වී කුරුල්ලෝ,1988
කාර්යාල කාර්ය සහායකගේ මරණය,ආරියවංශ රණවීර,කම්පා නාදයකි,no,0,unknown,ගේ කුරුල්ලෝ සහ වී කුරුල්ලෝ,1988
කාර්යාල කාර්ය සහායකගේ මරණය,ආරියවංශ රණවීර,ගෙ තුළ ගැහැණියකගේ,no,0,unknown,ගේ කුරුල්ලෝ සහ වී කුරුල්ලෝ,1988
වලව්වට වැසි ඇවිත්,නන්දන වීරසිංහ,දදුරු වුණු දොර ජනෙල් මානයේ උණුසුමක,yes,1,දදුරු වුණු දොර ජනෙල්,කිරි සුවඳැති රාත්‍රිය ,1990
වලව්වට වැසි ඇවිත්,නන්දන වීරසිංහ,සුව සිහිල නිදහසේ උරා බී සැප විඳින,no,0,unknown,කිරි සුවඳැති රාත්‍රිය ,1990
වලව්වට වැසි ඇවිත්,නන්දන වීරසිංහ,ලෝකයේ පුස්ම පිරිතිරෙන ලෙස විවිර වුණ,no,0,unknown,කිරි සුවඳැති රාත්‍රිය ,1990
වලව්වට වැසි ඇවිත්,නන්දන වීරසිංහ,වලව්වට සිව් දිගින් සුළං රැලි විත් නටන,no,0,unknown,කිරි සුවඳැති රාත්‍රිය ,1990
දුම්මල ගලට ගිය අම්මා,නන්දන වීරසිංහ,වැහි වැහැලා ගල ආඳා බඩේ උනා,yes,1,ගල ආඳා බඩේ උනා,ගිංගගේ විලාපය ,1984
දුම්මල ගලට ගිය අම්මා,නන්දන වීරසිංහ,අම්මා එදත් ඒ ගල මුදුනටම උනා,no,0,unknown,ගිංගගේ විලාපය ,1984
දුම්මල ගලට ගිය අම්මා,නන්දන වීරසිංහ,රූටා ගිහිං පාවුළ ගලටත් රිදුනා,no,0,unknown,ගිංගගේ විලාපය ,1984
දුම්මල ගලට ගිය අම්මා,නන්දන වීරසිංහ,අම්මා කිව් විලාපය තවමත් ඇසෙනා,no,0,unknown,ගිංගගේ විලාපය ,1984
හිකළාල් මුහුණ,නන්දන වීරසිංහ,මදිරා සුවඳ ගලනා හැන්දෑ වරුවේ,yes,1,මදිරා සුවඳ ගලනා,කිරි සුවඳැති රාත්‍රිය ,1990
හිකළාල් මුහුණ,නන්දන වීරසිංහ,බමරුන් ඇවිත් ගේ වට පැදකුණු කෙරුවේ,no,0,unknown,කිරි සුවඳැති රාත්‍රිය ,1990
හිකළාල් මුහුණ,නන්දන වීරසිංහ,"උන් මඟ හරින්නී, තොටමුණ ඔරු පළුවේ.",no,0,unknown,කිරි සුවඳැති රාත්‍රිය ,1990
හිකළාල් මුහුණ,නන්දන වීරසිංහ,තවමත් ඇගේ රූ සිරි ගඟුලෙන් මතුවේ.,no,0,unknown,කිරි සුවඳැති රාත්‍රිය ,1990
හුග ගසේ ගාථාව,කුමාර හෙට්ටිආරච්චි.,හිරු දියෙන්,yes,1,හිරු දියෙන්,රුවන් සක්මන ,1988
හුග ගසේ ගාථාව,කුමාර හෙට්ටිආරච්චි.,ගත දොවන්නී,no,0,unknown,රුවන් සක්මන ,1988
හුග ගසේ ගාථාව,කුමාර හෙට්ටිආරච්චි.,ධූලි ඔසරිය හඳින්නී,no,0,unknown,රුවන් සක්මන ,1988
හුග ගසේ ගාථාව,කුමාර හෙට්ටිආරච්චි.,සඳ දියෙන් අතු තෙම තෙමා,no,0,unknown,රුවන් සක්මන ,1988
හුග ගසේ ගාථාව,කුමාර හෙට්ටිආරච්චි.,ආදරෙන් අත වනන්නී,no,0,unknown,රුවන් සක්මන ,1988
බෝධි සත්ව ගබ්සාව,කුමාර හෙට්ටි ආරච්චි,සඳුන් සුවඳ මල් ගෝමර ළැම තොරණේ,no,0,unknown,රුවන් සක්මන ,1988
බෝධි සත්ව ගබ්සාව,කුමාර හෙට්ටි ආරච්චි,මැණික් කරඬු දෙතනේ රන් කිරි පිරුණේ,no,0,unknown,රුවන් සක්මන ,1988
බෝධි සත්ව ගබ්සාව,කුමාර හෙට්ටි ආරච්චි,අඳුන් තෙලින් නෑවෙන වදමල් යහනේ,yes,1,අඳුන් තෙලින් නෑවෙන වදමල් යහනේ,රුවන් සක්මන ,1988
බෝධි සත්ව ගබ්සාව,කුමාර හෙට්ටි ආරච්චි,ඔවුන් අතින් මෝරන දරුගැබ බිඳුනේ,no,0,unknown,රුවන් සක්මන ,1988
තාත්තා,කුමාර ලියනගේ,ඊට පස්සෙ,no,0,unknown,විමානයෙන් බසිනු මැනවි ,1988
තාත්තා,කුමාර ලියනගේ,එක දවසක් නුඹ ආවා,no,0,unknown,විමානයෙන් බසිනු මැනවි ,1988
තාත්තා,කුමාර ලියනගේ,ආයේ ආපහු නොයන්න,no,0,unknown,විමානයෙන් බසිනු මැනවි ,1988
තාත්තා,කුමාර ලියනගේ,කඳුළු වැහි පොදත් දීලා,yes,1,කඳුළු වැහි පොදත් දීලා,විමානයෙන් බසිනු මැනවි ,1988
තාත්තා,කුමාර ලියනගේ,ඉරුණ - කමිස - සරොම් තුවා,no,0,unknown,විමානයෙන් බසිනු මැනවි ,1988
තාත්තා,කුමාර ලියනගේ,බෑග් මල්ලකුත් පුරවා,no,0,unknown,විමානයෙන් බසිනු මැනවි ,1988
බුලු ගහ,ලාල් හෑගොඩ -,හැමුවා සුළඟ එකවරම,no,0,unknown,මා මිනිසෙක් ඔබ ගඟක් නිසා ,1994
බුලු ගහ,ලාල් හෑගොඩ -,නිවාගෙන කුප්පි ලාම්පුව,no,0,unknown,මා මිනිසෙක් ඔබ ගඟක් නිසා ,1994
බුලු ගහ,ලාල් හෑගොඩ -,ඇරඹුනා කුණාටුව,no,0,unknown,මා මිනිසෙක් ඔබ ගඟක් නිසා ,1994
බුලු ගහ,ලාල් හෑගොඩ -,ලෝකාන්ත මහා මේඝ වරුසාවට අඬගසා,yes,1,ලෝකාන්ත මහා මේඝ වරුසාවට,මා මිනිසෙක් ඔබ ගඟක් නිසා ,1994
බුලු ගහ,ලාල් හෑගොඩ -,වධක බෙර ගසාගෙන,no,0,unknown,මා මිනිසෙක් ඔබ ගඟක් නිසා ,1994
ලන්ඩන්ඩ්ගේ නුවර උඩුමාලෙක,ජයවඩු විතාන,දෑස තුළ ඇගේ මගෙ දෑසද පෙනිණි,yes,1,ඇගේ මගෙ දෑසද පෙනිණි,කළාලයක් වියමුව අපි,1984
ලන්ඩන්ඩ්ගේ නුවර උඩුමාලෙක,ජයවඩු විතාන,වාසනාව අත වැනුවා සේ දැනිණි,no,0,unknown,කළාලයක් වියමුව අපි,1984
ලන්ඩන්ඩ්ගේ නුවර උඩුමාලෙක,ජයවඩු විතාන,ආස කළ දෑසක් ඇය මා ළඟ තිබිණි,no,0,unknown,කළාලයක් වියමුව අපි,1984
ලන්ඩන්ඩ්ගේ නුවර උඩුමාලෙක,ජයවඩු විතාන,රෝස බඳුනකට පස් පොඩියක් පමණි,no,0,unknown,කළාලයක් වියමුව අපි,1984
මගේ උස් හඩින්,අතුල ජයදේව,ගෑනු අය ආවොතින් අප සමග එහි යන්ට,no,0,unknown,යදම් හඬ ,1976
මගේ උස් හඩින්,අතුල ජයදේව,අඬාලා හැපීලා පොළොවෙ පස් කනු නියත,yes,1,පොළොවෙ පස් කනු නියත,යදම් හඬ ,1976
මගේ උස් හඩින්,අතුල ජයදේව,ආදරෙන් සිටි නිසා තදින් ලොකු ළමයාට,no,0,unknown,යදම් හඬ ,1976
මගේ උස් හඩින්,අතුල ජයදේව,පොඩි එකා කැමති නම් ආවාට කමක් නැත,no,0,unknown,යදම් හඬ ,1976
දහමි සැපත,පියදාස සිරිසේන,පියතිස් ගැමුණු සැදැතිස් සිරිසඟ බෝ දී,no,0,unknown,කොලඔ කවි,1976
දහමි සැපත,පියදාස සිරිසේන,දෙටුතිස් මහලු පැරකුම් හිමි සඳ ආ දී,no,0,unknown,කොලඔ කවි,1976
දහමි සැපත,පියදාස සිරිසේන,දිය කුස් පතළ සිහලුන් දම් රැකි ආ දී,yes,1,දිය කුස් පතළ සිහලුන් දම්,කොලඔ කවි,1976
දහමි සැපත,පියදාස සිරිසේන,සහතොස් වම අදත් සලකමු සිතු පෑ දී,no,0,unknown,කොලඔ කවි,1976
පරලොවට පණිවුඩයක්,ජී. එච්. පෙරේරා,කොයික වැරදුනත් මේ නම් වරද්දන්ට එපා,no,0,unknown,කොලඔ කවි,1976
පරලොවට පණිවුඩයක්,ජී. එච්. පෙරේරා,කළුහම ලැබුනෝතින් වෙනෙ ඔක්කෝම පාඩුයි,yes,1,කළුහම ලැබුනෝතින් වෙනෙ ඔක්කෝම පාඩුයි,කොලඔ කවි,1976
පරලොවට පණිවුඩයක්,ජී. එච්. පෙරේරා,ඔළුගොඩි බිම ගස්සා කාගෙනුත් ගන්ට පූජා,no,0,unknown,කොලඔ කවි,1976
පරලොවට පණිවුඩයක්,ජී. එච්. පෙරේරා,ගම සුදුවට නැත්නම් සායමක්වත් ගෙනෙල්ලා.,no,0,unknown,කොලඔ කවි,1976
ලය මානය,පී. බී. අල්විස් පෙරේරා,ගැඹුරු මූදේ කිඳුරු නිදහන් තුළින් මුතු ගෙන තිබෙන ගංගා,no,0,unknown,කොලඔ කවි,1976
ලය මානය,පී. බී. අල්විස් පෙරේරා,හඳේ නො පෙනෙන එහා පැත්තේ රිදී මල්වතු වලට රිංගා,no,0,unknown,කොලඔ කවි,1976
ලය මානය,පී. බී. අල්විස් පෙරේරා,තාරකාවල මැණික් මාලිග මුදුන දේදුනු කොඩිය නංගා,yes,1,තාරකාවල මැණික් මාලිග මුදුන දේදුනු කොඩිය නංගා,කොලඔ කවි,1976
ලය මානය,පී. බී. අල්විස් පෙරේරා,ඔබේ නින්දට රැගෙන එන්නෙමි මගේ සිතුවිලි සිහින ගංගා,no,0,unknown,කොලඔ කවි,1976
ලය මානය,පී. බී. අල්විස් පෙරේරා,දවල් ගිනිගත් මගක යනවිට වලාවක් වී සෙවන දෙන්නම්,no,0,unknown,කොලඔ කවි,1976
ලය මානය,පී. බී. අල්විස් පෙරේරා,ඇඟෙන් ඩහදිය ගලන මොහොතක සුළඟ විමෙන් වැළඳ ගත්නම්,no,0,unknown,කොලඔ කවි,1976
ලය මානය,පී. බී. අල්විස් පෙරේරා,ඈත අහසේ පුංචි තරුවක් බවට පත් වී හිනා වෙන්නම්,yes,1,ඈත අහසේ පුංචි තරුවක්,කොලඔ කවි,1976
ලය මානය,පී. බී. අල්විස් පෙරේරා,මුදු වෙරළේ සිටිනු දුටු විට පෙරළි පෙරළී ළඟට එන්නම්,no,0,unknown,කොලඔ කවි,1976
දරු දුක,මීමන පේමතිලක,සිහිල් ලබා දෙමින් තුරින් කුසුම් රොනක් හලා,yes,1,සිහිල් ලබා දෙමින් තුරින් කුසුම් රොනක් හලා,කොලඔ කවි,1976
දරු දුක,මීමන පේමතිලක,දෙගංබඩක් තිබෙද්දි ඒ ගණන් නොගත් ලෙසින්,no,0,unknown,කොලඔ කවි,1976
දරු දුක,මීමන පේමතිලක,ගලා බසී ගඟක් අනේ මගේ පුතත් එ සේ,no,0,vunknown,කොලඔ කවි,1976
දරු දුක,මීමන පේමතිලක,දෙමාපියන් දුරින්මදා ගියා මරුන් වෙතේ,no,0,unknown,කොලඔ කවි,1976
ආගන්තුක සත්කාරය,විමලරත්න කුමාරගම,පිහියා පාර ලැබ ඔහුගේ නැගණි අනේ,no,0,unknown,unknown,
ආගන්තුක සත්කාරය,විමලරත්න කුමාරගම,මළ හැටි සිහිව මගෙ නෙත තෙත ගතිය දනේ,yes,1,මළ හැටි සිහිව මගෙ නෙත තෙත ගතිය දනේ,unknown,
ආගන්තුක සත්කාරය,විමලරත්න කුමාරගම,නෑඩුව නමුත් ඔහු නැගණිය මැරුණ දිනේ,no,0,unknown,unknown,
ආගන්තුක සත්කාරය,විමලරත්න කුමාරගම,උණගත් දාට වැලපෙයි නෙත කඳුලු පෙනේ,no,0,unknown,unknown,
අයියනායක,විමලරත්න කුමාරගම,දෙවි දේවතාවුන් සැරි සරන මහ ව නේ,no,0,unknown,unknown,
අයියනායක,විමලරත්න කුමාරගම,පවතින බලය ඇඟ ලොම් තුඩකට ද දැ නේ,yes,1,පවතින බලය ඇඟ ලොම් තුඩකට ද දැ නේ,unknown,
අයියනායක,විමලරත්න කුමාරගම,මොලයෙන් තමා ලෝකයෙ සුවය වැනසු නේ,no,0,unknown,unknown,
අයියනායක,විමලරත්න කුමාරගම,මගෙ ගැරහුමට නැත ඒ පිරිස යොමු වු නේ,no,0,unknown,unknown,
පිස සමර,කුමාරතුංග මුනිදාස,පිළිමලුන් මඬනා ම-වදන් අසා,yes,1,පිළිමලුන් මඬනා ම-වදන් අසා,unknown,
පිස සමර,කුමාරතුංග මුනිදාස,පිය තුමන් වැනි මැයි යන යම් පසෙක්,no,0,unknown,unknown,
පිස සමර,කුමාරතුංග මුනිදාස,පැනැ නැගේ ද මුවින් එහි උන්නවුන්,no,0,unknown,unknown,
පිස සමර,කුමාරතුංග මුනිදාස,මට නොවේ එ තරම් වන අන් ජයෙක්,no,0,unknown,unknown,
දර සුරතල්,කුමාරතුංග මුනිදාස,සඳ කැලුම් දෙවියන් ගෙ අමා දියෙන්,yes,1,සඳ කැලුම් දෙවියන් ගෙ අමා දියෙන්,unknown,
දර සුරතල්,කුමාරතුංග මුනිදාස,මැඩැ සමන් කුසුමන් පතැ ලා සෙමෙන්,no,0,unknown,unknown,
දර සුරතල්,කුමාරතුංග මුනිදාස,සිය වරක් පුලුනේ පෙඳ 'ගින් පෙළූ,no,0,unknown,unknown,
දර සුරතල්,කුමාරතුංග මුනිදාස,ඇඳ තිබී ද බඹා ඔබගේ සිනා,no,0,unknown,unknown,
මළවුන්ගේ අවුරුදු දා,එදිරිවීර සරත්චන්දූ,නොමඳ සිතුවිලි සීන බියකරු,no,0,unknown,unknown,
මළවුන්ගේ අවුරුදු දා,එදිරිවීර සරත්චන්දූ,බූත වෙස් ගෙන මා පෙළයි නිති,yes,1,බූත වෙස් ගෙන මා පෙළයි නිති,unknown,
සොඳුරු රුව,එදිරිවීර සරත්චන්දූ,පිය තෙපුල් ලෙල නුවන්,yes,1,පිය තෙපුල් ලෙල නුවන්,unknown,
සොඳුරු රුව,එදිරිවීර සරත්චන්දූ,ඡවි වර්ණ මුව කමල,yes,1,ඡවි වර්ණ මුව කමල,unknown,
සොඳුරු රුව,එදිරිවීර සරත්චන්දූ,ඈ සියල් මුත් කවර දේ,no,0,unknown,unknown,
සොඳුරු රුව,එදිරිවීර සරත්චන්දූ,වේ ද අහන නම්?,no,0,unknown,unknown,
රාත්‍රිය,එස්. මහින්ද හිමි,සමන් පිච්ච මල් ඉහිරුණු,no,0,unknown,unknown,
රාත්‍රිය,එස්. මහින්ද හිමි,නිල් තණකොළ පිට්ටනියක්,yes,1,නිල් තණකොළ පිට්ටනියක්,unknown,
රාත්‍රිය,එස්. මහින්ද හිමි,වගෙයි අහස අන්න බලනු,no,0,unknown,unknown,
රාත්‍රිය,එස්. මහින්ද හිමි,කොච්චර ලස්සනද රෑට,no,0,unknown,unknown,
හද,ආනන්ද රාජකරුණා,අමාවක යි නුඹ නැති දා,yes,1,අමාවක යි නුඹ නැති දා,unknown,
හද,ආනන්ද රාජකරුණා,අටවක නැමි පනාව දා,no,0,unknown,unknown,
බුදු මිහිර,ශ්‍රී චන්ද්‍රරත්න මානවසිංහ,පුතා දන්නෙ නෑ හඳ ඇති කාලෙට වනන්තරේ හරි වැඩ කෙරෙහි,no,0,unknown,unknown,
බුදු මිහිර,ශ්‍රී චන්ද්‍රරත්න මානවසිංහ,බෝසත්වරු බණ කතා කියද්දි වන දෙවඟනො මල්වල ලියතී,yes,1,දෙවඟනො මල්වල ලියතී,unknown,
පන්දම් වැට උඩින් සද පෑවූවා වැනි,ගුණදාස අමරසේකර,දුර එනකොට වැටකෙයියා මලක් වගෙයි,no,0,unknown,unknown,
පන්දම් වැට උඩින් සද පෑවූවා වැනි,ගුණදාස අමරසේකර,ළඟ එන කොට රිදියෙන් කළ වැඩක් වගෙයි,no,0,unknown,unknown,
පන්දම් වැට උඩින් සද පෑවූවා වැනි,ගුණදාස අමරසේකර,ගෙට එන කොට ගෙයි ඇවිලෙන පාන වගෙයි,no,0,unknown,unknown,
පන්දම් වැට උඩින් සද පෑවූවා වැනි,ගුණදාස අමරසේකර,මගෙ මැණිකේ මට මානෙල් මලක් වගෙයි,yes,1,මගෙ මැණිකේ මට මානෙල් මලක් වගෙයි,unknown,
වැස්ස,සරත් අමුණුගම,කලු ජනේලෙන් එපිට,no,0,unknown,unknown,
වැස්ස,සරත් අමුණුගම,කොඳුරමින් වැක්කෙරෙන,yes,1,කොඳුරමින් වැක්කෙරෙන,unknown,
වැස්ස,සරත් අමුණුගම,නැවුං උඳුවප් වැස්සෙ,no,0,unknown,unknown,
වැස්ස,සරත් අමුණුගම,අඳුරට හිරු පරාද වී,no,0,unknown,unknown,
වැස්ස,සරත් අමුණුගම,කන්ද උඩින් ගාටනවා,no,0,unknown,unknown,
වැස්ස,සරත් අමුණුගම,"නරඹන කල තාන්තුවෙන්,",no,0,unknown,unknown,
වැස්ස,සරත් අමුණුගම,මා හද තව කකියවන්න,no,0,unknown,unknown,
වැස්ස,සරත් අමුණුගම,කල්පනාවේ අවතාරය,yes,1,කල්පනාවේ අවතාරය,unknown,
වැස්ස,සරත් අමුණුගම,ළඟට ඇවිත් අල්ලන් මා,no,0,unknown,unknown,
වැස්ස,සරත් අමුණුගම,ඈ ගැන මට මතක් කළා.,no,0,unknown,unknown,
වැස්ස,ධර්මසිරි රාජපක්ෂ,හෙණ අපොලනා රැයේ ගල් ඇන්ද සේ උස් ව,no,0,unknown,unknown,
වැස්ස,ධර්මසිරි රාජපක්ෂ,පිහිය මදිනා සඳේ මුවත දිලිසෙනු පෙනෙන,yes,1,පිහිය මදිනා සඳේ මුවත දිලිසෙනු පෙනෙන,unknown,
වැස්ස,ධර්මසිරි රාජපක්ෂ,ඒ පිහිය දිලිසුණේ නුඹත් බෝසතෙක් ව ද,no,0,unknown,unknown,
වැස්ස,ධර්මසිරි රාජපක්ෂ,සැදී පැහැදී බැතින පින් කෙරූ නිසා වද,no,0,unknown,unknown,
සියපත,රත්න ශ්‍රී විජේ‍සිංහ,සිය පතෙහි පෙති සියය සපිරේ,no,0,unknown,unknown,
සියපත,රත්න ශ්‍රී විජේ‍සිංහ,සිය ගුණෙනි මකරන්ද ඉහිරේ,yes,1,සිය ගුණෙනි මකරන්ද ඉහිරේ,unknown,
සියපත,රත්න ශ්‍රී විජේ‍සිංහ,සිය ගවු දුරු කතර විනිවිදින සුවඳ මිස,no,0,unknown,unknown,
සියපත,රත්න ශ්‍රී විජේ‍සිංහ,සිය පතෙහි රූ වරුණ නොපෙනේ,no,0,unknown,unknown,